{"v":"5.9.2","fr":30,"ip":0,"op":69,"w":1080,"h":1080,"nm":"Dice","ddd":0,"assets":[],"layers":[{"ddd":0,"ind":1,"ty":4,"nm":"circle","parent":2,"td":1,"sr":1,"ks":{"o":{"a":0,"k":100,"ix":11},"r":{"a":0,"k":0,"ix":10},"p":{"a":0,"k":[56.65,43.57,0],"ix":2,"l":2},"a":{"a":0,"k":[0,0,0],"ix":1,"l":2},"s":{"a":0,"k":[128,128,100],"ix":6,"l":2}},"ao":0,"shapes":[{"ty":"gr","it":[{"d":1,"ty":"el","s":{"a":0,"k":[30.453,30.453],"ix":2},"p":{"a":0,"k":[0,0],"ix":3},"nm":"Ellipse Path 1","mn":"ADBE Vector Shape - Ellipse","hd":false},{"ty":"fl","c":{"a":0,"k":[0.424355361041,0.732962455002,0.991620710784,1],"ix":4},"o":{"a":0,"k":100,"ix":5},"r":1,"bm":0,"nm":"Fill 1","mn":"ADBE Vector Graphic - Fill","hd":false},{"ty":"tr","p":{"a":0,"k":[-63.273,-27.273],"ix":2},"a":{"a":0,"k":[0,0],"ix":1},"s":{"a":0,"k":[100,100],"ix":3},"r":{"a":0,"k":0,"ix":6},"o":{"a":0,"k":100,"ix":7},"sk":{"a":0,"k":0,"ix":4},"sa":{"a":0,"k":0,"ix":5},"nm":"Transform"}],"nm":"Ellipse 1","np":3,"cix":2,"bm":0,"ix":1,"mn":"ADBE Vector Group","hd":false}],"ip":0,"op":120,"st":0,"bm":0},{"ddd":0,"ind":2,"ty":4,"nm":"square","tt":2,"sr":1,"ks":{"o":{"a":0,"k":100,"ix":11},"r":{"a":1,"k":[{"i":{"x":[0.833],"y":[0.833]},"o":{"x":[0.167],"y":[0.167]},"t":0,"s":[42]},{"t":54,"s":[402]}],"ix":10},"p":{"s":true,"x":{"a":1,"k":[{"i":{"x":[0.833],"y":[0.833]},"o":{"x":[0.167],"y":[0.167]},"t":0,"s":[-120.289]},{"t":54,"s":[1199.711]}],"ix":3},"y":{"a":1,"k":[{"i":{"x":[0],"y":[1]},"o":{"x":[0.167],"y":[0.167]},"t":0,"s":[655.441]},{"i":{"x":[0.833],"y":[0.833]},"o":{"x":[1],"y":[0.02]},"t":7,"s":[-247.559]},{"i":{"x":[0],"y":[1]},"o":{"x":[0.167],"y":[0.167]},"t":15,"s":[747.441]},{"i":{"x":[0.833],"y":[0.833]},"o":{"x":[1],"y":[0.033]},"t":20,"s":[293.441]},{"i":{"x":[0],"y":[1]},"o":{"x":[0.167],"y":[0.167]},"t":26,"s":[747.441]},{"i":{"x":[0.833],"y":[0.833]},"o":{"x":[1],"y":[0.052]},"t":31,"s":[506.441]},{"i":{"x":[0],"y":[1]},"o":{"x":[0.167],"y":[0.167]},"t":36,"s":[747.441]},{"i":{"x":[0.833],"y":[0.833]},"o":{"x":[1],"y":[0.116]},"t":41,"s":[639.441]},{"t":46,"s":[747.441]}],"ix":4}},"a":{"a":0,"k":[-17.638,8.204,0],"ix":1,"l":2},"s":{"a":0,"k":[100,96.291,100],"ix":6,"l":2}},"ao":0,"shapes":[{"ty":"gr","it":[{"ty":"rc","d":1,"s":{"a":0,"k":[149.32,149.32],"ix":2},"p":{"a":0,"k":[0,0],"ix":3},"r":{"a":0,"k":20,"ix":4},"nm":"Rectangle Path 1","mn":"ADBE Vector Shape - Rect","hd":false},{"ty":"fl","c":{"a":0,"k":[0.424355361041,0.732962455002,0.991620710784,1],"ix":4},"o":{"a":0,"k":100,"ix":5},"r":1,"bm":0,"nm":"Fill 1","mn":"ADBE Vector Graphic - Fill","hd":false},{"ty":"tr","p":{"a":0,"k":[-22.698,8.128],"ix":2},"a":{"a":0,"k":[0,0],"ix":1},"s":{"a":0,"k":[100,100],"ix":3},"r":{"a":0,"k":0,"ix":6},"o":{"a":0,"k":100,"ix":7},"sk":{"a":0,"k":0,"ix":4},"sa":{"a":0,"k":0,"ix":5},"nm":"Transform"}],"nm":"Rectangle 1","np":3,"cix":2,"bm":0,"ix":1,"mn":"ADBE Vector Group","hd":false}],"ip":0,"op":120,"st":1,"bm":0}],"markers":[]}